INSERT INTO fsb2_auths (auth_name, auth_level, auth_begin) VALUES ('auth_edit_user', 2, 2);
INSERT INTO fsb2_auths (auth_name, auth_level, auth_begin) VALUES ('auth_extra_edit_user', 3, 2);
INSERT INTO fsb2_auths (auth_name, auth_level, auth_begin) VALUES ('auth_ip', 3, 2);
INSERT INTO fsb2_auths (auth_name, auth_level, auth_begin) VALUES ('upload_file', 1, 1);
INSERT INTO fsb2_auths (auth_name, auth_level, auth_begin) VALUES ('download_file', 0, 0);
INSERT INTO fsb2_auths (auth_name, auth_level, auth_begin) VALUES ('upload_quota_unlimited', 3, 1);
INSERT INTO fsb2_auths (auth_name, auth_level, auth_begin) VALUES ('approve_event', 2, 1);
INSERT INTO fsb2_auths (auth_name, auth_level, auth_begin) VALUES ('calendar_read', 0, 0);
INSERT INTO fsb2_auths (auth_name, auth_level, auth_begin) VALUES ('calendar_write', 1, 0);
INSERT INTO fsb2_auths (auth_name, auth_level, auth_begin) VALUES ('warn_user', 2, 2);
INSERT INTO fsb2_auths (auth_name, auth_level, auth_begin) VALUES ('procedure', 4, 3);
INSERT INTO fsb2_auths (auth_name, auth_level, auth_begin) VALUES ('confirm_account', 4, 3);
INSERT INTO fsb2_auths (auth_name, auth_level, auth_begin) VALUES ('can_see_memberlist', 0, 0);
INSERT INTO fsb2_auths (auth_name, auth_level, auth_begin) VALUES ('can_see_profile', 0, 0);
INSERT INTO fsb2_auths (auth_name, auth_level, auth_begin) VALUES ('mass_moderation', 2, 2);
INSERT INTO fsb2_auths (auth_name, auth_level, auth_begin) VALUES ('log_hidden', 1, 1);
INSERT INTO fsb2_auths (auth_name, auth_level, auth_begin) VALUES ('stats_box', 0, 0);
INSERT INTO fsb2_auths (auth_name, auth_level, auth_begin) VALUES ('online_box', 0, 0);

INSERT INTO fsb2_bots (bot_id, bot_name, bot_ip, bot_agent, bot_last) VALUES (1, 'Googlebot', '', 'Googlebot', 0);
INSERT INTO fsb2_bots (bot_id, bot_name, bot_ip, bot_agent, bot_last) VALUES (2, 'Alexa', '', 'ia_archiver', 0);
INSERT INTO fsb2_bots (bot_id, bot_name, bot_ip, bot_agent, bot_last) VALUES (3, 'Inktomi', '216.35.116.|66.196.|66.94.230.|202.212.5.|72.30.|74.6.', 'Slurp', 0);
INSERT INTO fsb2_bots (bot_id, bot_name, bot_ip, bot_agent, bot_last) VALUES (4, 'Infoseek', '', 'Infoseek', 0);
INSERT INTO fsb2_bots (bot_id, bot_name, bot_ip, bot_agent, bot_last) VALUES (5, 'Alta Vista', '', 'Scooter', 0);
INSERT INTO fsb2_bots (bot_id, bot_name, bot_ip, bot_agent, bot_last) VALUES (6, 'Lycos', '', 'Lycos', 0);
INSERT INTO fsb2_bots (bot_id, bot_name, bot_ip, bot_agent, bot_last) VALUES (7, 'FAST', '', 'alltheweb', 0);
INSERT INTO fsb2_bots (bot_id, bot_name, bot_ip, bot_agent, bot_last) VALUES (8, 'WiseNut', '', 'WISEnut', 0);
INSERT INTO fsb2_bots (bot_id, bot_name, bot_ip, bot_agent, bot_last) VALUES (9, 'MSN', '', 'msnbot/', 0);
INSERT INTO fsb2_bots (bot_id, bot_name, bot_ip, bot_agent, bot_last) VALUES (10, 'Looksmart', '', 'MARTINI', 0);
INSERT INTO fsb2_bots (bot_id, bot_name, bot_ip, bot_agent, bot_last) VALUES (11, 'Ask Jeeves', '', 'teoma', 0);
INSERT INTO fsb2_bots (bot_id, bot_name, bot_ip, bot_agent, bot_last) VALUES (12, 'Biglotron', '', 'BIGLOTRON', 0);
INSERT INTO fsb2_bots (bot_id, bot_name, bot_ip, bot_agent, bot_last) VALUES (13, 'AdSense', '', 'Mediapartners-Google', 0);
INSERT INTO fsb2_bots (bot_id, bot_name, bot_ip, bot_agent, bot_last) VALUES (14, 'Gigabot', '', 'Gigabot', 0);

INSERT INTO fsb2_config (cfg_name, cfg_value) VALUES ('avatar_can_same', '1');
INSERT INTO fsb2_config (cfg_name, cfg_value) VALUES ('avatar_can_upload', '1');
INSERT INTO fsb2_config (cfg_name, cfg_value) VALUES ('avatar_can_use', '1');
INSERT INTO fsb2_config (cfg_name, cfg_value) VALUES ('avatar_can_use_gallery', '1');
INSERT INTO fsb2_config (cfg_name, cfg_value) VALUES ('avatar_height', '180');
INSERT INTO fsb2_config (cfg_name, cfg_value) VALUES ('avatar_weight', '20480');
INSERT INTO fsb2_config (cfg_name, cfg_value) VALUES ('avatar_width', '150');
INSERT INTO fsb2_config (cfg_name, cfg_value) VALUES ('ftp_default', '0');
INSERT INTO fsb2_config (cfg_name, cfg_value) VALUES ('cookie_dommain', '');
INSERT INTO fsb2_config (cfg_name, cfg_value) VALUES ('cookie_name', 'fsb2_');
INSERT INTO fsb2_config (cfg_name, cfg_value) VALUES ('cookie_path', '/');
INSERT INTO fsb2_config (cfg_name, cfg_value) VALUES ('cookie_secure', '0');
INSERT INTO fsb2_config (cfg_name, cfg_value) VALUES ('default_lang', 'fr');
INSERT INTO fsb2_config (cfg_name, cfg_value) VALUES ('default_tpl', 'WhiteSummer');
INSERT INTO fsb2_config (cfg_name, cfg_value) VALUES ('display_subforums', '0');
INSERT INTO fsb2_config (cfg_name, cfg_value) VALUES ('forum_description', 'Description de votre forum');
INSERT INTO fsb2_config (cfg_name, cfg_value) VALUES ('forum_name', 'Nom du forum');
INSERT INTO fsb2_config (cfg_name, cfg_value) VALUES ('fsb_path', 'http://localhost/fsb2');
INSERT INTO fsb2_config (cfg_name, cfg_value) VALUES ('fsb_version', '2.0.3');
INSERT INTO fsb2_config (cfg_name, cfg_value) VALUES ('last_user_id', '2');
INSERT INTO fsb2_config (cfg_name, cfg_value) VALUES ('last_user_login', 'admin');
INSERT INTO fsb2_config (cfg_name, cfg_value) VALUES ('last_user_color', 'class="admin"');
INSERT INTO fsb2_config (cfg_name, cfg_value) VALUES ('mp_max_inbox', '50');
INSERT INTO fsb2_config (cfg_name, cfg_value) VALUES ('mp_max_outbox', '50');
INSERT INTO fsb2_config (cfg_name, cfg_value) VALUES ('mp_max_savebox', '50');
INSERT INTO fsb2_config (cfg_name, cfg_value) VALUES ('mp_allow_multiple', '1');
INSERT INTO fsb2_config (cfg_name, cfg_value) VALUES ('override_lang', '1');
INSERT INTO fsb2_config (cfg_name, cfg_value) VALUES ('override_tpl', '0');
INSERT INTO fsb2_config (cfg_name, cfg_value) VALUES ('post_per_page', '15');
INSERT INTO fsb2_config (cfg_name, cfg_value) VALUES ('register_time', '1117905518');
INSERT INTO fsb2_config (cfg_name, cfg_value) VALUES ('search_method', 'fulltext_mysql');
INSERT INTO fsb2_config (cfg_name, cfg_value) VALUES ('signal_session', '1158230018');
INSERT INTO fsb2_config (cfg_name, cfg_value) VALUES ('sig_max_chars', '300');
INSERT INTO fsb2_config (cfg_name, cfg_value) VALUES ('sig_max_line', '5');
INSERT INTO fsb2_config (cfg_name, cfg_value) VALUES ('topic_per_page', '30');
INSERT INTO fsb2_config (cfg_name, cfg_value) VALUES ('total_posts', '1');
INSERT INTO fsb2_config (cfg_name, cfg_value) VALUES ('total_topics', '1');
INSERT INTO fsb2_config (cfg_name, cfg_value) VALUES ('total_users', '1');
INSERT INTO fsb2_config (cfg_name, cfg_value) VALUES ('user_edit_nickname', '0');
INSERT INTO fsb2_config (cfg_name, cfg_value) VALUES ('use_gzip', '1');
INSERT INTO fsb2_config (cfg_name, cfg_value) VALUES ('total_global_announce', '0');
INSERT INTO fsb2_config (cfg_name, cfg_value) VALUES ('fsb_hash', 'ea48965b97');
INSERT INTO fsb2_config (cfg_name, cfg_value) VALUES ('use_smtp', '0');
INSERT INTO fsb2_config (cfg_name, cfg_value) VALUES ('smtp_host', '');
INSERT INTO fsb2_config (cfg_name, cfg_value) VALUES ('smtp_password', '');
INSERT INTO fsb2_config (cfg_name, cfg_value) VALUES ('smtp_username', '');
INSERT INTO fsb2_config (cfg_name, cfg_value) VALUES ('forum_mail', 'monforum@siteweb.com');
INSERT INTO fsb2_config (cfg_name, cfg_value) VALUES ('forum_sig', 'L''équipe du forum');
INSERT INTO fsb2_config (cfg_name, cfg_value) VALUES ('upload_quota', '1048576');
INSERT INTO fsb2_config (cfg_name, cfg_value) VALUES ('upload_max_filesize', '1048576');
INSERT INTO fsb2_config (cfg_name, cfg_value) VALUES ('register_type', 'normal');
INSERT INTO fsb2_config (cfg_name, cfg_value) VALUES ('ftp_host', '');
INSERT INTO fsb2_config (cfg_name, cfg_value) VALUES ('ftp_login', '');
INSERT INTO fsb2_config (cfg_name, cfg_value) VALUES ('ftp_password', '');
INSERT INTO fsb2_config (cfg_name, cfg_value) VALUES ('ftp_port', '21');
INSERT INTO fsb2_config (cfg_name, cfg_value) VALUES ('ftp_path', '');
INSERT INTO fsb2_config (cfg_name, cfg_value) VALUES ('upload_extensions', 'gif,jpg,jpeg,bmp,png,svg,xls,pdf,doc,ppt,pps,zip,tar,gz,txt,rar,7z,tgz,bz2');
INSERT INTO fsb2_config (cfg_name, cfg_value) VALUES ('max_visitors_total', '0');
INSERT INTO fsb2_config (cfg_name, cfg_value) VALUES ('max_visitors_timestamp', '1157996015');
INSERT INTO fsb2_config (cfg_name, cfg_value) VALUES ('check_email_dns', '1');
INSERT INTO fsb2_config (cfg_name, cfg_value) VALUES ('activate_fsbcode', '1');
INSERT INTO fsb2_config (cfg_name, cfg_value) VALUES ('activate_img', '1');
INSERT INTO fsb2_config (cfg_name, cfg_value) VALUES ('activate_sig_fsbcode', '1');
INSERT INTO fsb2_config (cfg_name, cfg_value) VALUES ('activate_sig_img', '1');
INSERT INTO fsb2_config (cfg_name, cfg_value) VALUES ('activate_censor', '1');
INSERT INTO fsb2_config (cfg_name, cfg_value) VALUES ('activate_sig', '1');
INSERT INTO fsb2_config (cfg_name, cfg_value) VALUES ('fsb_last_version', '2.0.3');
INSERT INTO fsb2_config (cfg_name, cfg_value) VALUES ('disable_board', 'none');
INSERT INTO fsb2_config (cfg_name, cfg_value) VALUES ('disable_board_message', '');
INSERT INTO fsb2_config (cfg_name, cfg_value) VALUES ('sig_max_height', '120');
INSERT INTO fsb2_config (cfg_name, cfg_value) VALUES ('default_utc', '0');
INSERT INTO fsb2_config (cfg_name, cfg_value) VALUES ('default_utc_dst', '0');
INSERT INTO fsb2_config (cfg_name, cfg_value) VALUES ('current_utc_dst', '0');
INSERT INTO fsb2_config (cfg_name, cfg_value) VALUES ('nickname_chars', 'low');
INSERT INTO fsb2_config (cfg_name, cfg_value) VALUES ('calendar_birthday_activate', '1');
INSERT INTO fsb2_config (cfg_name, cfg_value) VALUES ('calendar_birthday_required_posts', '1');
INSERT INTO fsb2_config (cfg_name, cfg_value) VALUES ('cache_birthday', '0');
INSERT INTO fsb2_config (cfg_name, cfg_value) VALUES ('delete_only_last_post', '1');
INSERT INTO fsb2_config (cfg_name, cfg_value) VALUES ('rss_caching', '1');
INSERT INTO fsb2_config (cfg_name, cfg_value) VALUES ('activate_html', '0');
INSERT INTO fsb2_config (cfg_name, cfg_value) VALUES ('rsa_public_key', '');
INSERT INTO fsb2_config (cfg_name, cfg_value) VALUES ('rsa_private_key', '');
INSERT INTO fsb2_config (cfg_name, cfg_value) VALUES ('rsa_last_regen', '0');
INSERT INTO fsb2_config (cfg_name, cfg_value) VALUES ('rsa_old_private_key', '');
INSERT INTO fsb2_config (cfg_name, cfg_value) VALUES ('flood_post', '30');
INSERT INTO fsb2_config (cfg_name, cfg_value) VALUES ('post_min_length', '2');
INSERT INTO fsb2_config (cfg_name, cfg_value) VALUES ('calendar_next_events', '5');
INSERT INTO fsb2_config (cfg_name, cfg_value) VALUES ('calendar_date_events', '10');
INSERT INTO fsb2_config (cfg_name, cfg_value) VALUES ('use_fsockopen', '1');
INSERT INTO fsb2_config (cfg_name, cfg_value) VALUES ('hide_empty_groups', '0');

INSERT INTO fsb2_config_handler (cfg_cat, cfg_subcat, cfg_name, cfg_function, cfg_args, cfg_type) VALUES ('general', '', 'forum_name', 'put_text', 'array(''size'' => 35)', '');
INSERT INTO fsb2_config_handler (cfg_cat, cfg_subcat, cfg_name, cfg_function, cfg_args, cfg_type) VALUES ('general', '', 'forum_description', 'put_textarea', 'array(''rows'' => 3, ''cols'' => 40)', '');
INSERT INTO fsb2_config_handler (cfg_cat, cfg_subcat, cfg_name, cfg_function, cfg_args, cfg_type) VALUES ('general', '', 'default_tpl', 'put_html_code', 'Html::list_dir(''default_tpl'', $this->cfg[''default_tpl''], ROOT . ''tpl/'', array(), true)', '');
INSERT INTO fsb2_config_handler (cfg_cat, cfg_subcat, cfg_name, cfg_function, cfg_args, cfg_type) VALUES ('general', '', 'override_tpl', 'put_boolean', 'array(''yes'' => ''1'',''no'' => ''0'')', '');
INSERT INTO fsb2_config_handler (cfg_cat, cfg_subcat, cfg_name, cfg_function, cfg_args, cfg_type) VALUES ('general', '', 'default_lang', 'put_html_code', 'Html::list_langs(''default_lang'', $this->cfg[''default_lang''])', '');
INSERT INTO fsb2_config_handler (cfg_cat, cfg_subcat, cfg_name, cfg_function, cfg_args, cfg_type) VALUES ('general', '', 'override_lang', 'put_boolean', 'array(''yes'' => ''1'',''no'' => ''0'')', '');
INSERT INTO fsb2_config_handler (cfg_cat, cfg_subcat, cfg_name, cfg_function, cfg_args, cfg_type) VALUES ('general', '', 'default_utc', 'put_html_code', 'Html::list_utc(''default_utc'', $this->cfg[''default_utc''], ''utc'')', '');
INSERT INTO fsb2_config_handler (cfg_cat, cfg_subcat, cfg_name, cfg_function, cfg_args, cfg_type) VALUES ('general', '', 'default_utc_dst', 'put_html_code', 'Html::list_utc(''default_utc_dst'', $this->cfg[''default_utc_dst''], ''dst'')', '');
INSERT INTO fsb2_config_handler (cfg_cat, cfg_subcat, cfg_name, cfg_function, cfg_args, cfg_type) VALUES ('general', '', 'use_gzip', 'put_boolean', 'array(''yes'' => ''1'',''no'' => ''0'')', 'unsigned int');
INSERT INTO fsb2_config_handler (cfg_cat, cfg_subcat, cfg_name, cfg_function, cfg_args, cfg_type) VALUES ('general', '', 'forum_mail', 'put_text', 'array(''size'' => 35)', '');
INSERT INTO fsb2_config_handler (cfg_cat, cfg_subcat, cfg_name, cfg_function, cfg_args, cfg_type) VALUES ('general', '', 'fsb_path', 'put_text', 'array(''size'' => 35)', '');
INSERT INTO fsb2_config_handler (cfg_cat, cfg_subcat, cfg_name, cfg_function, cfg_args, cfg_type) VALUES ('general', '', 'register_type', 'put_boolean', 'array(''register_type_disabled'' => ''disabled'', ''register_type_normal'' => ''normal'', ''register_type_confirm'' => ''confirm'', ''register_type_admin'' => ''admin'', ''register_type_both'' => ''both'')', '');
INSERT INTO fsb2_config_handler (cfg_cat, cfg_subcat, cfg_name, cfg_function, cfg_args, cfg_type) VALUES ('general', '', 'disable_board', 'put_boolean', 'array(''disable_board_none'' => ''none'', ''disable_board_modo'' => ''modo'', ''disable_board_admin'' => ''admin'')', '');
INSERT INTO fsb2_config_handler (cfg_cat, cfg_subcat, cfg_name, cfg_function, cfg_args, cfg_type) VALUES ('general', '', 'disable_board_message', 'put_text', 'array(''size'' => 35)', '');
INSERT INTO fsb2_config_handler (cfg_cat, cfg_subcat, cfg_name, cfg_function, cfg_args, cfg_type) VALUES ('general', '', 'check_email_dns', 'put_boolean', 'array(''yes'' => 1, ''no'' => 0)', 'unsigned int');
INSERT INTO fsb2_config_handler (cfg_cat, cfg_subcat, cfg_name, cfg_function, cfg_args, cfg_type) VALUES ('general', '', 'rss_caching', 'put_text', 'array(''size'' => 5)', 'unsigned int');
INSERT INTO fsb2_config_handler (cfg_cat, cfg_subcat, cfg_name, cfg_function, cfg_args, cfg_type) VALUES ('general', 'calendar', 'calendar_next_events', 'put_text', 'array(''size'' => ''5'')', 'unsigned int');
INSERT INTO fsb2_config_handler (cfg_cat, cfg_subcat, cfg_name, cfg_function, cfg_args, cfg_type) VALUES ('general', 'calendar', 'calendar_date_events', 'put_text', 'array(''size'' => ''5'')', 'unsigned int');
INSERT INTO fsb2_config_handler (cfg_cat, cfg_subcat, cfg_name, cfg_function, cfg_args, cfg_type) VALUES ('general', 'calendar', 'calendar_birthday_activate', 'put_boolean', 'array(''yes'' => ''1'',''no'' => ''0'')', 'unsigned int');
INSERT INTO fsb2_config_handler (cfg_cat, cfg_subcat, cfg_name, cfg_function, cfg_args, cfg_type) VALUES ('general', 'calendar', 'calendar_birthday_required_posts', 'put_text', 'array(''size'' => 5)', 'unsigned int');
INSERT INTO fsb2_config_handler (cfg_cat, cfg_subcat, cfg_name, cfg_function, cfg_args, cfg_type) VALUES ('general',  'groups',  'hide_empty_groups',  'put_boolean',  'array(''yes'' => ''1'',''no'' => ''0'')',  'unsigned int');
INSERT INTO fsb2_config_handler (cfg_cat, cfg_subcat, cfg_name, cfg_function, cfg_args, cfg_type) VALUES ('system', 'cookie', 'cookie_name', 'put_text', 'array(''size'' => 35)', '');
INSERT INTO fsb2_config_handler (cfg_cat, cfg_subcat, cfg_name, cfg_function, cfg_args, cfg_type) VALUES ('system', 'cookie', 'cookie_path', 'put_text', 'array(''size'' => 35)', '');
INSERT INTO fsb2_config_handler (cfg_cat, cfg_subcat, cfg_name, cfg_function, cfg_args, cfg_type) VALUES ('system', 'cookie', 'cookie_dommain', 'put_text', 'array(''size'' => 35)', '');
INSERT INTO fsb2_config_handler (cfg_cat, cfg_subcat, cfg_name, cfg_function, cfg_args, cfg_type) VALUES ('system', 'cookie', 'cookie_secure', 'put_boolean', 'array(''yes'' => ''1'',''no'' => ''0'')', 'unsigned int');
INSERT INTO fsb2_config_handler (cfg_cat, cfg_subcat, cfg_name, cfg_function, cfg_args, cfg_type) VALUES ('system', 'mail', 'use_smtp', 'put_boolean', 'array(''yes'' => ''1'',''no'' => ''0'')', 'unsigned int');
INSERT INTO fsb2_config_handler (cfg_cat, cfg_subcat, cfg_name, cfg_function, cfg_args, cfg_type) VALUES ('system', 'mail', 'smtp_host', 'put_text', 'array(''size'' => 35)', '');
INSERT INTO fsb2_config_handler (cfg_cat, cfg_subcat, cfg_name, cfg_function, cfg_args, cfg_type) VALUES ('system', 'mail', 'smtp_username', 'put_text', 'array(''size'' => 35)', '');
INSERT INTO fsb2_config_handler (cfg_cat, cfg_subcat, cfg_name, cfg_function, cfg_args, cfg_type) VALUES ('system', 'mail', 'smtp_password', 'put_text', 'array(''size'' => 35, ''type'' => ''password'')', '');
INSERT INTO fsb2_config_handler (cfg_cat, cfg_subcat, cfg_name, cfg_function, cfg_args, cfg_type) VALUES ('system', 'mail', 'forum_sig', 'put_textarea', 'array(''rows'' => 3, ''cols'' => 40)', '');
INSERT INTO fsb2_config_handler (cfg_cat, cfg_subcat, cfg_name, cfg_function, cfg_args, cfg_type) VALUES ('system', 'ftp', 'ftp_default', 'put_boolean', 'array(''yes'' => ''1'',''no'' => ''0'')', 'unsigned int');
INSERT INTO fsb2_config_handler (cfg_cat, cfg_subcat, cfg_name, cfg_function, cfg_args, cfg_type) VALUES ('system', 'ftp', 'ftp_host', 'put_text', 'array(''size'' => 35)', '');
INSERT INTO fsb2_config_handler (cfg_cat, cfg_subcat, cfg_name, cfg_function, cfg_args, cfg_type) VALUES ('system', 'ftp', 'ftp_login', 'put_text', 'array(''size'' => 35)', '');
INSERT INTO fsb2_config_handler (cfg_cat, cfg_subcat, cfg_name, cfg_function, cfg_args, cfg_type) VALUES ('system', 'ftp', 'ftp_password', 'put_text', 'array(''size'' => 35, ''password'' => true)', '');
INSERT INTO fsb2_config_handler (cfg_cat, cfg_subcat, cfg_name, cfg_function, cfg_args, cfg_type) VALUES ('system', 'ftp', 'ftp_port', 'put_text', 'array(''size'' => 5)', 'unsigned int');
INSERT INTO fsb2_config_handler (cfg_cat, cfg_subcat, cfg_name, cfg_function, cfg_args, cfg_type) VALUES ('system', 'ftp', 'ftp_path', 'put_text', 'array(''size'' => 35)', '');
INSERT INTO fsb2_config_handler (cfg_cat, cfg_subcat, cfg_name, cfg_function, cfg_args, cfg_type) VALUES ('system', 'network', 'use_fsockopen', 'put_boolean', 'array(''yes'' => ''1'',''no'' => ''0'')', 'unsigned int');
INSERT INTO fsb2_config_handler (cfg_cat, cfg_subcat, cfg_name, cfg_function, cfg_args, cfg_type) VALUES ('profile', 'auser', 'user_edit_nickname', 'put_boolean', 'array(''yes'' => 1, ''no'' => 0)', 'unsigned int');
INSERT INTO fsb2_config_handler (cfg_cat, cfg_subcat, cfg_name, cfg_function, cfg_args, cfg_type) VALUES ('profile', 'auser', 'nickname_chars', 'put_boolean', 'array(''adm_config_nickname_chars_low'' => ''low'', ''adm_config_nickname_chars_middle'' => ''middle'', ''adm_config_nickname_chars_high'' => ''high'')', '');
INSERT INTO fsb2_config_handler (cfg_cat, cfg_subcat, cfg_name, cfg_function, cfg_args, cfg_type) VALUES ('profile', 'sig', 'sig_max_chars', 'put_text', 'array(''size'' => 5)', 'unsigned int');
INSERT INTO fsb2_config_handler (cfg_cat, cfg_subcat, cfg_name, cfg_function, cfg_args, cfg_type) VALUES ('profile', 'sig', 'sig_max_line', 'put_text', 'array(''size'' => 5)', 'unsigned int');
INSERT INTO fsb2_config_handler (cfg_cat, cfg_subcat, cfg_name, cfg_function, cfg_args, cfg_type) VALUES ('profile', 'sig', 'activate_sig', 'put_boolean', 'array(''yes'' => 1, ''no'' => 0)', 'unsigned int');
INSERT INTO fsb2_config_handler (cfg_cat, cfg_subcat, cfg_name, cfg_function, cfg_args, cfg_type) VALUES ('profile', 'sig', 'sig_max_height', 'put_text', 'array(''size'' => 5)', 'unsigned int');
INSERT INTO fsb2_config_handler (cfg_cat, cfg_subcat, cfg_name, cfg_function, cfg_args, cfg_type) VALUES ('profile', 'avatar', 'avatar_can_use', 'put_boolean', 'array(''yes'' => ''1'',''no'' => ''0'')', 'unsigned int');
INSERT INTO fsb2_config_handler (cfg_cat, cfg_subcat, cfg_name, cfg_function, cfg_args, cfg_type) VALUES ('profile', 'avatar', 'avatar_can_upload', 'put_boolean', 'array(''yes'' => ''1'',''no'' => ''0'')', 'unsigned int');
INSERT INTO fsb2_config_handler (cfg_cat, cfg_subcat, cfg_name, cfg_function, cfg_args, cfg_type) VALUES ('profile', 'avatar', 'avatar_can_use_gallery', 'put_boolean', 'array(''yes'' => ''1'',''no'' => ''0'')', 'unsigned int');
INSERT INTO fsb2_config_handler (cfg_cat, cfg_subcat, cfg_name, cfg_function, cfg_args, cfg_type) VALUES ('profile', 'avatar', 'avatar_width', 'put_text', 'array(''size'' => 5)', 'unsigned int');
INSERT INTO fsb2_config_handler (cfg_cat, cfg_subcat, cfg_name, cfg_function, cfg_args, cfg_type) VALUES ('profile', 'avatar', 'avatar_height', 'put_text', 'array(''size'' => 5)', 'unsigned int');
INSERT INTO fsb2_config_handler (cfg_cat, cfg_subcat, cfg_name, cfg_function, cfg_args, cfg_type) VALUES ('profile', 'avatar', 'avatar_weight', 'put_html_code', 'input_filesize(''avatar_weight'', $this->cfg[''avatar_weight''])', 'unsigned int');
INSERT INTO fsb2_config_handler (cfg_cat, cfg_subcat, cfg_name, cfg_function, cfg_args, cfg_type) VALUES ('profile', 'avatar', 'avatar_can_same', 'put_boolean', 'array(''yes'' => ''1'',''no'' => ''0'')', 'unsigned int');
INSERT INTO fsb2_config_handler (cfg_cat, cfg_subcat, cfg_name, cfg_function, cfg_args, cfg_type) VALUES ('profile', 'mp', 'mp_max_inbox', 'put_text', 'array(''size'' => 5)', 'unsigned int');
INSERT INTO fsb2_config_handler (cfg_cat, cfg_subcat, cfg_name, cfg_function, cfg_args, cfg_type) VALUES ('profile', 'mp', 'mp_max_outbox', 'put_text', 'array(''size'' => 5)', 'unsigned int');
INSERT INTO fsb2_config_handler (cfg_cat, cfg_subcat, cfg_name, cfg_function, cfg_args, cfg_type) VALUES ('profile', 'mp', 'mp_max_savebox', 'put_text', 'array(''size'' => 5)', 'unsigned int');
INSERT INTO fsb2_config_handler (cfg_cat, cfg_subcat, cfg_name, cfg_function, cfg_args, cfg_type) VALUES ('profile', 'mp', 'mp_allow_multiple', 'put_boolean', 'array(''yes'' => 1, ''no'' => 0)', 'unsigned int');
INSERT INTO fsb2_config_handler (cfg_cat, cfg_subcat, cfg_name, cfg_function, cfg_args, cfg_type) VALUES ('post', '', 'topic_per_page', 'put_text', 'array(''size'' => 5)', 'unsigned int');
INSERT INTO fsb2_config_handler (cfg_cat, cfg_subcat, cfg_name, cfg_function, cfg_args, cfg_type) VALUES ('post', '', 'post_per_page', 'put_text', 'array(''size'' => 5)', 'unsigned int');
INSERT INTO fsb2_config_handler (cfg_cat, cfg_subcat, cfg_name, cfg_function, cfg_args, cfg_type) VALUES ('post', '', 'flood_post', 'put_text', 'array(''size'' => 5)', 'unsigned int');
INSERT INTO fsb2_config_handler (cfg_cat, cfg_subcat, cfg_name, cfg_function, cfg_args, cfg_type) VALUES ('post', '', 'post_min_length', 'put_text', 'array(''size'' => 5)', 'unsigned int');
INSERT INTO fsb2_config_handler (cfg_cat, cfg_subcat, cfg_name, cfg_function, cfg_args, cfg_type) VALUES ('post', '', 'activate_fsbcode', 'put_boolean', 'array(''yes'' => 1, ''no'' => 0)', 'unsigned int');
INSERT INTO fsb2_config_handler (cfg_cat, cfg_subcat, cfg_name, cfg_function, cfg_args, cfg_type) VALUES ('post', '', 'activate_img', 'put_boolean', 'array(''yes'' => 1, ''no'' => 0)', 'unsigned int');
INSERT INTO fsb2_config_handler (cfg_cat, cfg_subcat, cfg_name, cfg_function, cfg_args, cfg_type) VALUES ('post', '', 'activate_sig_fsbcode', 'put_boolean', 'array(''yes'' => 1, ''no'' => 0)', 'unsigned int');
INSERT INTO fsb2_config_handler (cfg_cat, cfg_subcat, cfg_name, cfg_function, cfg_args, cfg_type) VALUES ('post', '', 'activate_sig_img', 'put_boolean', 'array(''yes'' => 1, ''no'' => 0)', 'unsigned int');
INSERT INTO fsb2_config_handler (cfg_cat, cfg_subcat, cfg_name, cfg_function, cfg_args, cfg_type) VALUES ('post', '', 'activate_censor', 'put_boolean', 'array(''yes'' => 1, ''no'' => 0)', 'unsigned int');
INSERT INTO fsb2_config_handler (cfg_cat, cfg_subcat, cfg_name, cfg_function, cfg_args, cfg_type) VALUES ('post', '', 'activate_html', 'put_boolean', 'array(''yes'' => 1, ''no'' => 0)', 'unsigned int');
INSERT INTO fsb2_config_handler (cfg_cat, cfg_subcat, cfg_name, cfg_function, cfg_args, cfg_type) VALUES ('post', '', 'delete_only_last_post', 'put_boolean', 'array(''yes'' => 1, ''no'' => 0)', 'unsigned int');
INSERT INTO fsb2_config_handler (cfg_cat, cfg_subcat, cfg_name, cfg_function, cfg_args, cfg_type) VALUES ('post', 'upload', 'upload_quota', 'put_html_code', 'input_filesize(''upload_quota'', $this->cfg[''upload_quota''])', 'unsigned int');
INSERT INTO fsb2_config_handler (cfg_cat, cfg_subcat, cfg_name, cfg_function, cfg_args, cfg_type) VALUES ('post', 'upload', 'upload_max_filesize', 'put_html_code', 'input_filesize(''upload_max_filesize'', $this->cfg[''upload_max_filesize''])', 'unsigned int');
INSERT INTO fsb2_config_handler (cfg_cat, cfg_subcat, cfg_name, cfg_function, cfg_args, cfg_type) VALUES ('post', 'upload', 'upload_extensions', 'put_text', 'array(''size'' => 35)', '');

INSERT INTO fsb2_forums (f_id, f_left, f_right, f_rules, f_cat_id, f_name, f_text, f_parent, f_status, f_total_topic, f_total_post, f_last_p_id, f_level, f_prune_time, f_prune_topic_type, f_type, f_map_default, f_map_first_post, f_location, f_location_view, f_password, f_tpl, f_global_announce) VALUES (1, 1, 4, '', 1, 'Categorie test', '', 0, 0, 1, 1, 1, 0, 0, '', 0, '', 0, '', 0, '', '', 0);
INSERT INTO fsb2_forums (f_id, f_left, f_right, f_rules, f_cat_id, f_name, f_text, f_parent, f_status, f_total_topic, f_total_post, f_last_p_id, f_last_t_id, f_last_t_title, f_last_p_time, f_last_u_id, f_last_p_nickname, f_level, f_prune_time, f_prune_topic_type, f_type, f_map_default, f_map_first_post, f_location, f_location_view, f_password, f_tpl, f_global_announce) VALUES (2, 2, 3, '', 1, 'Forum test', 'Forum de test généré lors de l''installation de votre forum', 1, 0, 1, 1, 1, 1, 'Sujet de test', 0, 2, '', 1, 0, '2', 0, 'classic', 1, '', 0, '', '0', 1);

INSERT INTO fsb2_fsbcode (fsbcode_id, fsbcode_tag, fsbcode_search, fsbcode_replace, fsbcode_fct, fsbcode_priority, fsbcode_wysiwyg, fsbcode_activated, fsbcode_activated_sig, fsbcode_menu, fsbcode_inline, fsbcode_img, fsbcode_description, fsbcode_list, fsbcode_order) VALUES (1, 'b', '[b]{TEXT}[/b]', '<b>{TEXT}</b>', '', 0, 1, 1, 1, 1, 0, 'bold.gif', '', '', 1);
INSERT INTO fsb2_fsbcode (fsbcode_id, fsbcode_tag, fsbcode_search, fsbcode_replace, fsbcode_fct, fsbcode_priority, fsbcode_wysiwyg, fsbcode_activated, fsbcode_activated_sig, fsbcode_menu, fsbcode_inline, fsbcode_img, fsbcode_description, fsbcode_list, fsbcode_order) VALUES (2, 'i', '[i]{TEXT}[/i]', '<i>{TEXT}</i>', '', 0, 1, 1, 1, 1, 0, 'italic.gif', '', '', 2);
INSERT INTO fsb2_fsbcode (fsbcode_id, fsbcode_tag, fsbcode_search, fsbcode_replace, fsbcode_fct, fsbcode_priority, fsbcode_wysiwyg, fsbcode_activated, fsbcode_activated_sig, fsbcode_menu, fsbcode_inline, fsbcode_img, fsbcode_description, fsbcode_list, fsbcode_order) VALUES (3, 'u', '[u]{TEXT}[/u]', '<u>{TEXT}</u>', '', 0, 1, 1, 1, 1, 0, 'underline.gif', '', '', 3);
INSERT INTO fsb2_fsbcode (fsbcode_id, fsbcode_tag, fsbcode_search, fsbcode_replace, fsbcode_fct, fsbcode_priority, fsbcode_wysiwyg, fsbcode_activated, fsbcode_activated_sig, fsbcode_menu, fsbcode_inline, fsbcode_img, fsbcode_description, fsbcode_list, fsbcode_order) VALUES (4, 'strike', '[strike]{TEXT}[/strike]', '<span style="text-decoration: line-through">{TEXT}</span>', '', 0, 1, 1, 1, 1, 0, 'strike.gif', '', '', 4);
INSERT INTO fsb2_fsbcode (fsbcode_id, fsbcode_tag, fsbcode_search, fsbcode_replace, fsbcode_fct, fsbcode_priority, fsbcode_wysiwyg, fsbcode_activated, fsbcode_activated_sig, fsbcode_menu, fsbcode_inline, fsbcode_img, fsbcode_description, fsbcode_list, fsbcode_order) VALUES (5, 'quote', '', '', 'generate_quote', 0, 1, 1, 0, 1, 0, 'quote.gif', '', '', 8);
INSERT INTO fsb2_fsbcode (fsbcode_id, fsbcode_tag, fsbcode_search, fsbcode_replace, fsbcode_fct, fsbcode_priority, fsbcode_wysiwyg, fsbcode_activated, fsbcode_activated_sig, fsbcode_menu, fsbcode_inline, fsbcode_img, fsbcode_description, fsbcode_list, fsbcode_order) VALUES (6, 'code', '', '', 'generate_code', 100, 1, 1, 0, 1, 0, 'code.gif', '', 'none\r\ncss\r\nhtml\r\nphp\r\nsql', 13);
INSERT INTO fsb2_fsbcode (fsbcode_id, fsbcode_tag, fsbcode_search, fsbcode_replace, fsbcode_fct, fsbcode_priority, fsbcode_wysiwyg, fsbcode_activated, fsbcode_activated_sig, fsbcode_menu, fsbcode_inline, fsbcode_img, fsbcode_description, fsbcode_list, fsbcode_order) VALUES (7, 'url', '', '', 'generate_url', 0, 1, 1, 1, 1, 1, 'url.gif', '', '', 6);
INSERT INTO fsb2_fsbcode (fsbcode_id, fsbcode_tag, fsbcode_search, fsbcode_replace, fsbcode_fct, fsbcode_priority, fsbcode_wysiwyg, fsbcode_activated, fsbcode_activated_sig, fsbcode_menu, fsbcode_inline, fsbcode_img, fsbcode_description, fsbcode_list, fsbcode_order) VALUES (8, 'attach', '', '', 'generate_attach', 0, 1, 1, 0, 1, 0, 'upload.gif', '', '', 12);
INSERT INTO fsb2_fsbcode (fsbcode_id, fsbcode_tag, fsbcode_search, fsbcode_replace, fsbcode_fct, fsbcode_priority, fsbcode_wysiwyg, fsbcode_activated, fsbcode_activated_sig, fsbcode_menu, fsbcode_inline, fsbcode_img, fsbcode_description, fsbcode_list, fsbcode_order) VALUES (9, 'color', '[color={COLOR}]{TEXT}[/color]', '<span style="color: {COLOR}">{TEXT}</span>', '', 0, 1, 1, 1, 1, 0, 'color.gif', '', '', 10);
INSERT INTO fsb2_fsbcode (fsbcode_id, fsbcode_tag, fsbcode_search, fsbcode_replace, fsbcode_fct, fsbcode_priority, fsbcode_wysiwyg, fsbcode_activated, fsbcode_activated_sig, fsbcode_menu, fsbcode_inline, fsbcode_img, fsbcode_description, fsbcode_list, fsbcode_order) VALUES (10, 'bgcolor', '[bgcolor={COLOR}]{TEXT}[/bgcolor]', '<span style="background-color: {COLOR}">{TEXT}</span>', '', 0, 1, 1, 1, 1, 0, 'bgcolor.gif', '', '', 11);
INSERT INTO fsb2_fsbcode (fsbcode_id, fsbcode_tag, fsbcode_search, fsbcode_replace, fsbcode_fct, fsbcode_priority, fsbcode_wysiwyg, fsbcode_activated, fsbcode_activated_sig, fsbcode_menu, fsbcode_inline, fsbcode_img, fsbcode_description, fsbcode_list, fsbcode_order) VALUES (11, 'list', '', '', 'generate_list', 0, 1, 1, 0, 1, 0, 'list.gif', '', '', 9);
INSERT INTO fsb2_fsbcode (fsbcode_id, fsbcode_tag, fsbcode_search, fsbcode_replace, fsbcode_fct, fsbcode_priority, fsbcode_wysiwyg, fsbcode_activated, fsbcode_activated_sig, fsbcode_menu, fsbcode_inline, fsbcode_img, fsbcode_description, fsbcode_list, fsbcode_order) VALUES (12, 'font', '[font={TEXT1}]{TEXT2}[/font]', '<span style="font-family: {TEXT1}">{TEXT2}</span>', '', 0, 1, 1, 1, 1, 0, '', '', 'style=font-family: %s\r\narial\r\narial black\r\narial narrow\r\nbook antiqua\r\ncentury gothic\r\ncomic sans ms\r\ncourier new\r\nfixedsys\r\ngaramond\r\ngeorgia\r\nimpact\r\nlucida console\r\nmicrosoft sans serif\r\npalatino linotype\r\nsystem\r\ntahoma\r\ntimes new roman\r\ntrebuchet ms\r\nverdana', 15);
INSERT INTO fsb2_fsbcode (fsbcode_id, fsbcode_tag, fsbcode_search, fsbcode_replace, fsbcode_fct, fsbcode_priority, fsbcode_wysiwyg, fsbcode_activated, fsbcode_activated_sig, fsbcode_menu, fsbcode_inline, fsbcode_img, fsbcode_description, fsbcode_list, fsbcode_order) VALUES (13, 'size', '[size={SIZE}]{TEXT}[/size]', '<span style="font-size: {SIZE}px">{TEXT}</span>', '', 0, 1, 1, 1, 1, 0, '', '', '8\r\n10\r\n16\r\n20\r\n24', 14);
INSERT INTO fsb2_fsbcode (fsbcode_id, fsbcode_tag, fsbcode_search, fsbcode_replace, fsbcode_fct, fsbcode_priority, fsbcode_wysiwyg, fsbcode_activated, fsbcode_activated_sig, fsbcode_menu, fsbcode_inline, fsbcode_img, fsbcode_description, fsbcode_list, fsbcode_order) VALUES (14, 'align', '[align={ALIGN}]{TEXT}[/align]', '<div style="text-align: {ALIGN}">{TEXT}</div>', '', 0, 1, 1, 1, 1, 0, '', '', 'left\r\ncenter\r\nright\r\njustify', 16);
INSERT INTO fsb2_fsbcode (fsbcode_id, fsbcode_tag, fsbcode_search, fsbcode_replace, fsbcode_fct, fsbcode_priority, fsbcode_wysiwyg, fsbcode_activated, fsbcode_activated_sig, fsbcode_menu, fsbcode_inline, fsbcode_img, fsbcode_description, fsbcode_list, fsbcode_order) VALUES (15, 'mail', '', '', 'generate_mail', 0, 1, 1, 1, 1, 1, 'mail.gif', '', '', 7);
INSERT INTO fsb2_fsbcode (fsbcode_id, fsbcode_tag, fsbcode_search, fsbcode_replace, fsbcode_fct, fsbcode_priority, fsbcode_wysiwyg, fsbcode_activated, fsbcode_activated_sig, fsbcode_menu, fsbcode_inline, fsbcode_img, fsbcode_description, fsbcode_list, fsbcode_order) VALUES (16, 'img', '', '', 'generate_img', 0, 1, 1, 1, 1, 1, 'img.gif', '', '', 5);

INSERT INTO fsb2_groups (g_id, g_name, g_desc, g_type, g_hidden, g_color, g_open, g_rank, g_order) VALUES (1, 'visitor', '', 1, 0, 'class="visitor"', 0, 0, 6);
INSERT INTO fsb2_groups (g_id, g_name, g_desc, g_type, g_hidden, g_color, g_open, g_rank, g_order) VALUES (2, 'user', '', 1, 0, 'class="user"', 0, 0, 5);
INSERT INTO fsb2_groups (g_id, g_name, g_desc, g_type, g_hidden, g_color, g_open, g_rank, g_order) VALUES (3, 'modo', '', 1, 0, 'class="modo"', 0, 0, 4);
INSERT INTO fsb2_groups (g_id, g_name, g_desc, g_type, g_hidden, g_color, g_open, g_rank, g_order) VALUES (4, 'modosup', '', 1, 0, 'class="modosup"', 0, 0, 3);
INSERT INTO fsb2_groups (g_id, g_name, g_desc, g_type, g_hidden, g_color, g_open, g_rank, g_order) VALUES (5, 'admin', '', 1, 0, 'class="admin"', 0, 0, 2);
INSERT INTO fsb2_groups (g_id, g_name, g_desc, g_type, g_hidden, g_color, g_open, g_rank, g_order) VALUES (6, 'founder', '', 3, 0, '', 0, 0, 1);

INSERT INTO fsb2_groups_auth (g_id, f_id, ga_view, ga_view_topics, ga_read, ga_create_post, ga_answer_post, ga_create_announce, ga_answer_announce, ga_edit, ga_delete, ga_moderator, ga_create_global_announce, ga_answer_global_announce) VALUES (1, 2, 1, 1, 1, 0, 0, 0, 0, 0, 0, 0, 0, 0);
INSERT INTO fsb2_groups_auth (g_id, f_id, ga_view, ga_view_topics, ga_read, ga_create_post, ga_answer_post, ga_create_announce, ga_answer_announce, ga_edit, ga_delete, ga_moderator, ga_create_global_announce, ga_answer_global_announce) VALUES (2, 2, 1, 1, 1, 1, 1, 0, 0, 1, 1, 0, 0, 0);
INSERT INTO fsb2_groups_auth (g_id, f_id, ga_view, ga_view_topics, ga_read, ga_create_post, ga_answer_post, ga_create_announce, ga_answer_announce, ga_edit, ga_delete, ga_moderator, ga_create_global_announce, ga_answer_global_announce) VALUES (3, 2, 1, 1, 1, 1, 1, 0, 0, 1, 1, 0, 0, 0);
INSERT INTO fsb2_groups_auth (g_id, f_id, ga_view, ga_view_topics, ga_read, ga_create_post, ga_answer_post, ga_create_announce, ga_answer_announce, ga_edit, ga_delete, ga_moderator, ga_create_global_announce, ga_answer_global_announce) VALUES (4, 2, 1, 1, 1, 1, 1, 1, 1, 1, 1, 1, 0, 0);
INSERT INTO fsb2_groups_auth (g_id, f_id, ga_view, ga_view_topics, ga_read, ga_create_post, ga_answer_post, ga_create_announce, ga_answer_announce, ga_edit, ga_delete, ga_moderator, ga_create_global_announce, ga_answer_global_announce) VALUES (5, 2, 1, 1, 1, 1, 1, 1, 1, 1, 1, 1, 1, 1);


INSERT INTO fsb2_groups_users (g_id, u_id, gu_status) VALUES (1, 1, 1);
INSERT INTO fsb2_groups_users (g_id, u_id, gu_status) VALUES (2, 2, 2);
INSERT INTO fsb2_groups_users (g_id, u_id, gu_status) VALUES (5, 2, 2);
INSERT INTO fsb2_groups_users (g_id, u_id, gu_status) VALUES (6, 2, 1);

INSERT INTO fsb2_menu_admin (page, auth, cat, cat_order, page_order, page_icon, module_name) VALUES ('manage_auths', 4, 'manage', 1, 1, 'config.png', '');
INSERT INTO fsb2_menu_admin (page, auth, cat, cat_order, page_order, page_icon, module_name) VALUES ('manage_forums', 4, 'manage', 1, 2, 'frontpage.png', '');
INSERT INTO fsb2_menu_admin (page, auth, cat, cat_order, page_order, page_icon, module_name) VALUES ('manage_groups', 4, 'manage', 1, 3, 'module.png', '');
INSERT INTO fsb2_menu_admin (page, auth, cat, cat_order, page_order, page_icon, module_name) VALUES ('manage_users', 4, 'manage', 1, 4, 'user.png', '');
INSERT INTO fsb2_menu_admin (page, auth, cat, cat_order, page_order, page_icon, module_name) VALUES ('general_lang', 4, 'general', 2, 1, 'language.png', '');
INSERT INTO fsb2_menu_admin (page, auth, cat, cat_order, page_order, page_icon, module_name) VALUES ('general_portail', 3, 'general', 2, 2, 'article.png', 'portail');
INSERT INTO fsb2_menu_admin (page, auth, cat, cat_order, page_order, page_icon, module_name) VALUES ('general_config', 4, 'general', 2, 3, 'config.png', '');
INSERT INTO fsb2_menu_admin (page, auth, cat, cat_order, page_order, page_icon, module_name) VALUES ('general_tpl', 4, 'general', 2, 4, 'themes.png', '');
INSERT INTO fsb2_menu_admin (page, auth, cat, cat_order, page_order, page_icon, module_name) VALUES ('general_email', 4, 'general', 2, 5, 'massmail.png', '');
INSERT INTO fsb2_menu_admin (page, auth, cat, cat_order, page_order, page_icon, module_name) VALUES ('tools_logs', 4, 'tools', 3, 1, 'archive.png', '');
INSERT INTO fsb2_menu_admin (page, auth, cat, cat_order, page_order, page_icon, module_name) VALUES ('tools_sql', 4, 'tools', 3, 2, 'info.png', '');
INSERT INTO fsb2_menu_admin (page, auth, cat, cat_order, page_order, page_icon, module_name) VALUES ('tools_webftp', 4, 'tools', 3, 3, 'category.png', '');
INSERT INTO fsb2_menu_admin (page, auth, cat, cat_order, page_order, page_icon, module_name) VALUES ('tools_optimize', 4, 'tools', 3, 4, 'checkin.png', '');
INSERT INTO fsb2_menu_admin (page, auth, cat, cat_order, page_order, page_icon, module_name) VALUES ('tools_stats', 3, 'tools', 3, 4, 'stats.png', '');
INSERT INTO fsb2_menu_admin (page, auth, cat, cat_order, page_order, page_icon, module_name) VALUES ('posts_censor', 3, 'posts', 4, 1, 'messages.png', '');
INSERT INTO fsb2_menu_admin (page, auth, cat, cat_order, page_order, page_icon, module_name) VALUES ('posts_smiley', 3, 'posts', 4, 2, 'clown.gif', '');
INSERT INTO fsb2_menu_admin (page, auth, cat, cat_order, page_order, page_icon, module_name) VALUES ('posts_fsbcode', 4, 'posts', 4, 3, 'menu.png', '');
INSERT INTO fsb2_menu_admin (page, auth, cat, cat_order, page_order, page_icon, module_name) VALUES ('users_ban', 3, 'users', 5, 1, 'trash.png', '');
INSERT INTO fsb2_menu_admin (page, auth, cat, cat_order, page_order, page_icon, module_name) VALUES ('users_profile_fields', 4, 'users', 5, 2, 'man.gif', '');
INSERT INTO fsb2_menu_admin (page, auth, cat, cat_order, page_order, page_icon, module_name) VALUES ('users_rank', 4, 'users', 5, 3, 'default.png', '');
INSERT INTO fsb2_menu_admin (page, auth, cat, cat_order, page_order, page_icon, module_name) VALUES ('mods_manager', 4, 'mods', 6, 1, 'plugin.png', '');

INSERT INTO fsb2_mods (mod_name, mod_real_name, mod_status, mod_version, mod_description, mod_type) VALUES ('mp', '', 1, '', '', 0);
INSERT INTO fsb2_mods (mod_name, mod_real_name, mod_status, mod_version, mod_description, mod_type) VALUES ('mp_blacklist', '', 1, '', '', 0);
INSERT INTO fsb2_mods (mod_name, mod_real_name, mod_status, mod_version, mod_description, mod_type) VALUES ('mp_auto_answer', '', 0, '', '', 0);
INSERT INTO fsb2_mods (mod_name, mod_real_name, mod_status, mod_version, mod_description, mod_type) VALUES ('online_show_birthday', '', 1, '', '', 0);
INSERT INTO fsb2_mods (mod_name, mod_real_name, mod_status, mod_version, mod_description, mod_type) VALUES ('online_show_current', '', 1, '', '', 0);
INSERT INTO fsb2_mods (mod_name, mod_real_name, mod_status, mod_version, mod_description, mod_type) VALUES ('online_show_today', '', 1, '', '', 0);
INSERT INTO fsb2_mods (mod_name, mod_real_name, mod_status, mod_version, mod_description, mod_type) VALUES ('post_map', '', 1, '', '', 0);
INSERT INTO fsb2_mods (mod_name, mod_real_name, mod_status, mod_version, mod_description, mod_type) VALUES ('user_birthday', '', 1, '', '', 0);
INSERT INTO fsb2_mods (mod_name, mod_real_name, mod_status, mod_version, mod_description, mod_type) VALUES ('quick_reply', '', 1, '', '', 0);
INSERT INTO fsb2_mods (mod_name, mod_real_name, mod_status, mod_version, mod_description, mod_type) VALUES ('user_sexe', '', 1, '', '', 0);
INSERT INTO fsb2_mods (mod_name, mod_real_name, mod_status, mod_version, mod_description, mod_type) VALUES ('update_last_visit', '', 1, '', '', 0);
INSERT INTO fsb2_mods (mod_name, mod_real_name, mod_status, mod_version, mod_description, mod_type) VALUES ('online_in_topics', '', 1, '', '', 0);
INSERT INTO fsb2_mods (mod_name, mod_real_name, mod_status, mod_version, mod_description, mod_type) VALUES ('last_visit_index', '', 1, '', '', 0);
INSERT INTO fsb2_mods (mod_name, mod_real_name, mod_status, mod_version, mod_description, mod_type) VALUES ('last_visit_profil', '', 1, '', '', 0);
INSERT INTO fsb2_mods (mod_name, mod_real_name, mod_status, mod_version, mod_description, mod_type) VALUES ('profile_fields_topic', '', 1, '', '', 0);
INSERT INTO fsb2_mods (mod_name, mod_real_name, mod_status, mod_version, mod_description, mod_type) VALUES ('url_rewriting', '', 0, '', '', 0);
INSERT INTO fsb2_mods (mod_name, mod_real_name, mod_status, mod_version, mod_description, mod_type) VALUES ('topic_notification', '', 1, '', '', 0);
INSERT INTO fsb2_mods (mod_name, mod_real_name, mod_status, mod_version, mod_description, mod_type) VALUES ('print_topic', '', 1, '', '', 0);
INSERT INTO fsb2_mods (mod_name, mod_real_name, mod_status, mod_version, mod_description, mod_type) VALUES ('forums_moderators', '', 1, '', '', 0);
INSERT INTO fsb2_mods (mod_name, mod_real_name, mod_status, mod_version, mod_description, mod_type) VALUES ('highlight_code', '', 0, '', '', 0);
INSERT INTO fsb2_mods (mod_name, mod_real_name, mod_status, mod_version, mod_description, mod_type) VALUES ('topic_description', '', 1, '', '', 0);
INSERT INTO fsb2_mods (mod_name, mod_real_name, mod_status, mod_version, mod_description, mod_type) VALUES ('upload', '', 1, '', '', 0);
INSERT INTO fsb2_mods (mod_name, mod_real_name, mod_status, mod_version, mod_description, mod_type) VALUES ('no_avatar', '', 1, '', '', 0);
INSERT INTO fsb2_mods (mod_name, mod_real_name, mod_status, mod_version, mod_description, mod_type) VALUES ('abuse', '', 1, '', '', 0);
INSERT INTO fsb2_mods (mod_name, mod_real_name, mod_status, mod_version, mod_description, mod_type) VALUES ('calendar', '', 1, '', '', 0);
INSERT INTO fsb2_mods (mod_name, mod_real_name, mod_status, mod_version, mod_description, mod_type) VALUES ('calendar_stats', '', 1, '', '', 0);
INSERT INTO fsb2_mods (mod_name, mod_real_name, mod_status, mod_version, mod_description, mod_type) VALUES ('visual_confirmation', '', 1, '', '', 0);
INSERT INTO fsb2_mods (mod_name, mod_real_name, mod_status, mod_version, mod_description, mod_type) VALUES ('post_captcha', '', 1, '', '', 0);
INSERT INTO fsb2_mods (mod_name, mod_real_name, mod_status, mod_version, mod_description, mod_type) VALUES ('portail', '', 1, '', '', 0);
INSERT INTO fsb2_mods (mod_name, mod_real_name, mod_status, mod_version, mod_description, mod_type) VALUES ('previous_post', '', 1, '', '', 0);
INSERT INTO fsb2_mods (mod_name, mod_real_name, mod_status, mod_version, mod_description, mod_type) VALUES ('rss', '', 1, '', '', 0);
INSERT INTO fsb2_mods (mod_name, mod_real_name, mod_status, mod_version, mod_description, mod_type) VALUES ('cookie_view', '', 1, '', '', 0);
INSERT INTO fsb2_mods (mod_name, mod_real_name, mod_status, mod_version, mod_description, mod_type) VALUES ('bot_list', '', 1, '', '', 0);
INSERT INTO fsb2_mods (mod_name, mod_real_name, mod_status, mod_version, mod_description, mod_type) VALUES ('wysiwyg', '', 0, '', '', 0);
INSERT INTO fsb2_mods (mod_name, mod_real_name, mod_status, mod_version, mod_description, mod_type) VALUES ('root_support', '', 0, '', '', 0);
INSERT INTO fsb2_mods (mod_name, mod_real_name, mod_status, mod_version, mod_description, mod_type) VALUES ('contact_form', '', 1, '', '', 0);
INSERT INTO fsb2_mods (mod_name, mod_real_name, mod_status, mod_version, mod_description, mod_type) VALUES ('rsa', '', 0, '', '', 0);
INSERT INTO fsb2_mods (mod_name, mod_real_name, mod_status, mod_version, mod_description, mod_type) VALUES ('notepad', '', 1, '', '', 0);

INSERT INTO fsb2_portail_config (portail_module, portail_name, portail_value, portail_functions, portail_args, portail_type) VALUES ('news', 'id_forum_news', '2', 'put_html_code', 'Html::list_forums(get_forums(), $this->cfg[''id_forum_news''], ''id_forum_news'', false)', 'unsigned int');
INSERT INTO fsb2_portail_config (portail_module, portail_name, portail_value, portail_functions, portail_args, portail_type) VALUES ('last_posts', 'nb_messages', '5', 'put_text', 'array(''size'' => 5)', 'unsigned int');
INSERT INTO fsb2_portail_config (portail_module, portail_name, portail_value, portail_functions, portail_args, portail_type) VALUES ('news', 'nb_news', '3', 'put_text', 'array(''size'' => 5)', 'unsigned int');

INSERT INTO fsb2_portail_module (pm_name, pm_position, pm_order, pm_activ) VALUES ('last_posts', 'right', 0, 1);
INSERT INTO fsb2_portail_module (pm_name, pm_position, pm_order, pm_activ) VALUES ('search', 'right', 1, 1);
INSERT INTO fsb2_portail_module (pm_name, pm_position, pm_order, pm_activ) VALUES ('newsletter', 'left', 1, 1);
INSERT INTO fsb2_portail_module (pm_name, pm_position, pm_order, pm_activ) VALUES ('home', 'left', 0, 1);
INSERT INTO fsb2_portail_module (pm_name, pm_position, pm_order, pm_activ) VALUES ('whoisonline', 'middle', 1, 1);
INSERT INTO fsb2_portail_module (pm_name, pm_position, pm_order, pm_activ) VALUES ('news', 'middle', 0, 1);

INSERT INTO fsb2_posts (p_id, f_id, t_id, p_text, p_time, p_nickname, u_id, u_ip, p_edit_user_id, p_edit_time, p_edit_total, p_map) VALUES (1, 2, 1, '<?xml version="1.0" encoding="UTF-8" standalone="no"?>
<root>
<line name="description">Bienvenue sur votre forum FSB2. Vous pouvez supprimer ce message et commencer la creation de vos catégories et de vos forums.</line>
</root>', 0, 'Admin', 2, '2130706433', 0, 0, 0, 'classic');

INSERT INTO fsb2_process (process_id, process_last_timestamp, process_step_timestamp, process_function, process_step_minimum) VALUES (1, 0, 604800, 'prune_forums', 4320);
INSERT INTO fsb2_process (process_id, process_last_timestamp, process_step_timestamp, process_function, process_step_minimum) VALUES (2, 0, 43200, 'prune_sessions', 4320);
INSERT INTO fsb2_process (process_id, process_last_timestamp, process_step_timestamp, process_function, process_step_minimum) VALUES (3, 0, 2592000, 'prune_cache', 864);
INSERT INTO fsb2_process (process_id, process_last_timestamp, process_step_timestamp, process_function, process_step_minimum) VALUES (4, 0, 604800, 'prune_config', 864);
INSERT INTO fsb2_process (process_id, process_last_timestamp, process_step_timestamp, process_function, process_step_minimum) VALUES (5, 0, 2592000, 'prune_database', 12960);
INSERT INTO fsb2_process (process_id, process_last_timestamp, process_step_timestamp, process_function, process_step_minimum) VALUES (6, 0, 1209600, 'prune_pm', 864);
INSERT INTO fsb2_process (process_id, process_last_timestamp, process_step_timestamp, process_function, process_step_minimum) VALUES (7, 0, 86400, 'check_fsb_version', 21600);
INSERT INTO fsb2_process (process_id, process_last_timestamp, process_step_timestamp, process_function, process_step_minimum) VALUES (8, 0, 604800, 'prune_topics_reads', 864);
INSERT INTO fsb2_process (process_id, process_last_timestamp, process_step_timestamp, process_function, process_step_minimum) VALUES (9, 0, 1209600, 'prune_moved_topics', 864);
INSERT INTO fsb2_process (process_id, process_last_timestamp, process_step_timestamp, process_function, process_step_minimum) VALUES (10, 0, 1209600, 'prune_bad_data', 864);
INSERT INTO fsb2_process (process_id, process_last_timestamp, process_step_timestamp, process_function, process_step_minimum) VALUES (11, 0, 86400, 'prune_rsa_keys', 2592);
INSERT INTO fsb2_process (process_id, process_last_timestamp, process_step_timestamp, process_function, process_step_minimum) VALUES (12, 0, 2592000, 'sync_forums', 12960);

INSERT INTO fsb2_ranks (rank_id, rank_name, rank_img, rank_quota, rank_special, rank_color) VALUES (1, 'Administrateur', '', 0, 1, 'class="admin"');

INSERT INTO fsb2_search_match (word_id, p_id, is_title) VALUES (1, 1, 0);
INSERT INTO fsb2_search_match (word_id, p_id, is_title) VALUES (2, 1, 0);
INSERT INTO fsb2_search_match (word_id, p_id, is_title) VALUES (3, 1, 0);
INSERT INTO fsb2_search_match (word_id, p_id, is_title) VALUES (4, 1, 0);
INSERT INTO fsb2_search_match (word_id, p_id, is_title) VALUES (5, 1, 0);
INSERT INTO fsb2_search_match (word_id, p_id, is_title) VALUES (6, 1, 0);
INSERT INTO fsb2_search_match (word_id, p_id, is_title) VALUES (7, 1, 1);
INSERT INTO fsb2_search_match (word_id, p_id, is_title) VALUES (8, 1, 1);

INSERT INTO fsb2_search_word (word_id, word_content) VALUES (1, 'bienvenue');
INSERT INTO fsb2_search_word (word_id, word_content) VALUES (2, 'fsb2');
INSERT INTO fsb2_search_word (word_id, word_content) VALUES (3, 'supprimer');
INSERT INTO fsb2_search_word (word_id, word_content) VALUES (4, 'commencer');
INSERT INTO fsb2_search_word (word_id, word_content) VALUES (5, 'creation');
INSERT INTO fsb2_search_word (word_id, word_content) VALUES (6, 'catégories');
INSERT INTO fsb2_search_word (word_id, word_content) VALUES (7, 'sujet');
INSERT INTO fsb2_search_word (word_id, word_content) VALUES (8, 'test');

INSERT INTO fsb2_smilies (smiley_id, smiley_cat, smiley_tag, smiley_name, smiley_order) VALUES (1, 1, ':O', 'ahh.gif', 1);
INSERT INTO fsb2_smilies (smiley_id, smiley_cat, smiley_tag, smiley_name, smiley_order) VALUES (2, 1, ':-(', 'angry.gif', 2);
INSERT INTO fsb2_smilies (smiley_id, smiley_cat, smiley_tag, smiley_name, smiley_order) VALUES (3, 1, ':beer:', 'beer.gif', 3);
INSERT INTO fsb2_smilies (smiley_id, smiley_cat, smiley_tag, smiley_name, smiley_order) VALUES (4, 1, ':D', 'bigmouth.gif', 4);
INSERT INTO fsb2_smilies (smiley_id, smiley_cat, smiley_tag, smiley_name, smiley_order) VALUES (5, 1, ':=)', 'clown.gif', 5);
INSERT INTO fsb2_smilies (smiley_id, smiley_cat, smiley_tag, smiley_name, smiley_order) VALUES (6, 1, 'x)', 'crazy.gif', 6);
INSERT INTO fsb2_smilies (smiley_id, smiley_cat, smiley_tag, smiley_name, smiley_order) VALUES (7, 1, ':''(', 'cry.gif', 7);
INSERT INTO fsb2_smilies (smiley_id, smiley_cat, smiley_tag, smiley_name, smiley_order) VALUES (8, 1, '(-)', 'cupsmilies.gif', 8);
INSERT INTO fsb2_smilies (smiley_id, smiley_cat, smiley_tag, smiley_name, smiley_order) VALUES (9, 1, ':=(', 'evil.gif', 9);
INSERT INTO fsb2_smilies (smiley_id, smiley_cat, smiley_tag, smiley_name, smiley_order) VALUES (10, 1, ':alien:', 'extraterre.gif', 10);
INSERT INTO fsb2_smilies (smiley_id, smiley_cat, smiley_tag, smiley_name, smiley_order) VALUES (11, 1, ':8:', 'eyeonly.gif', 11);
INSERT INTO fsb2_smilies (smiley_id, smiley_cat, smiley_tag, smiley_name, smiley_order) VALUES (12, 1, ':cold:', 'frozen.gif', 12);
INSERT INTO fsb2_smilies (smiley_id, smiley_cat, smiley_tag, smiley_name, smiley_order) VALUES (13, 1, '8)', 'glasses.gif', 13);
INSERT INTO fsb2_smilies (smiley_id, smiley_cat, smiley_tag, smiley_name, smiley_order) VALUES (14, 1, ':lol:', 'godgrace.gif', 14);
INSERT INTO fsb2_smilies (smiley_id, smiley_cat, smiley_tag, smiley_name, smiley_order) VALUES (15, 1, '^^"', 'goutte.gif', 15);
INSERT INTO fsb2_smilies (smiley_id, smiley_cat, smiley_tag, smiley_name, smiley_order) VALUES (16, 1, ':)', 'happy.gif', 16);
INSERT INTO fsb2_smilies (smiley_id, smiley_cat, smiley_tag, smiley_name, smiley_order) VALUES (17, 1, ':karate:', 'karate.gif', 17);
INSERT INTO fsb2_smilies (smiley_id, smiley_cat, smiley_tag, smiley_name, smiley_order) VALUES (18, 1, ':kiss:', 'kiss.gif', 18);
INSERT INTO fsb2_smilies (smiley_id, smiley_cat, smiley_tag, smiley_name, smiley_order) VALUES (19, 1, ':loll:', 'laugh.gif', 19);
INSERT INTO fsb2_smilies (smiley_id, smiley_cat, smiley_tag, smiley_name, smiley_order) VALUES (20, 1, ':geek:', 'loupe.gif', 20);
INSERT INTO fsb2_smilies (smiley_id, smiley_cat, smiley_tag, smiley_name, smiley_order) VALUES (21, 1, ':mad:', 'maxiangry.gif', 21);
INSERT INTO fsb2_smilies (smiley_id, smiley_cat, smiley_tag, smiley_name, smiley_order) VALUES (22, 1, ':=$', 'minied.gif', 22);
INSERT INTO fsb2_smilies (smiley_id, smiley_cat, smiley_tag, smiley_name, smiley_order) VALUES (23, 1, ':$', 'moodforlove.gif', 23);
INSERT INTO fsb2_smilies (smiley_id, smiley_cat, smiley_tag, smiley_name, smiley_order) VALUES (24, 1, ':mustache:', 'moustache.gif', 24);
INSERT INTO fsb2_smilies (smiley_id, smiley_cat, smiley_tag, smiley_name, smiley_order) VALUES (25, 1, ':|', 'neutral.gif', 25);
INSERT INTO fsb2_smilies (smiley_id, smiley_cat, smiley_tag, smiley_name, smiley_order) VALUES (26, 1, ':s', 'notgood.gif', 26);
INSERT INTO fsb2_smilies (smiley_id, smiley_cat, smiley_tag, smiley_name, smiley_order) VALUES (27, 1, ':pff:', 'pfffffff.gif', 27);
INSERT INTO fsb2_smilies (smiley_id, smiley_cat, smiley_tag, smiley_name, smiley_order) VALUES (28, 1, ':pirate:', 'pirate.gif', 28);
INSERT INTO fsb2_smilies (smiley_id, smiley_cat, smiley_tag, smiley_name, smiley_order) VALUES (29, 1, ':proud:', 'proud.gif', 29);
INSERT INTO fsb2_smilies (smiley_id, smiley_cat, smiley_tag, smiley_name, smiley_order) VALUES (30, 1, ':rolling:', 'rollall.gif', 30);
INSERT INTO fsb2_smilies (smiley_id, smiley_cat, smiley_tag, smiley_name, smiley_order) VALUES (31, 1, ':rolleyes:', 'rollineyes.gif', 31);
INSERT INTO fsb2_smilies (smiley_id, smiley_cat, smiley_tag, smiley_name, smiley_order) VALUES (32, 1, ':love:', 'romantique.gif', 32);
INSERT INTO fsb2_smilies (smiley_id, smiley_cat, smiley_tag, smiley_name, smiley_order) VALUES (33, 1, ':(', 'sad.gif', 33);
INSERT INTO fsb2_smilies (smiley_id, smiley_cat, smiley_tag, smiley_name, smiley_order) VALUES (34, 1, ':masochist:', 'sado.gif', 34);
INSERT INTO fsb2_smilies (smiley_id, smiley_cat, smiley_tag, smiley_name, smiley_order) VALUES (35, 1, ':chicken:', 'santaclaus.gif', 35);
INSERT INTO fsb2_smilies (smiley_id, smiley_cat, smiley_tag, smiley_name, smiley_order) VALUES (36, 1, ':yes:', 'sarcatisk.gif', 36);
INSERT INTO fsb2_smilies (smiley_id, smiley_cat, smiley_tag, smiley_name, smiley_order) VALUES (37, 1, ':no:', 'scared.gif', 37);
INSERT INTO fsb2_smilies (smiley_id, smiley_cat, smiley_tag, smiley_name, smiley_order) VALUES (38, 1, ':zzz:', 'sleep.gif', 38);
INSERT INTO fsb2_smilies (smiley_id, smiley_cat, smiley_tag, smiley_name, smiley_order) VALUES (39, 1, ':smoke:', 'smoke.gif', 39);
INSERT INTO fsb2_smilies (smiley_id, smiley_cat, smiley_tag, smiley_name, smiley_order) VALUES (40, 1, ':special:', 'special.gif', 40);
INSERT INTO fsb2_smilies (smiley_id, smiley_cat, smiley_tag, smiley_name, smiley_order) VALUES (41, 1, ':suspect:', 'suspicious.gif', 41);
INSERT INTO fsb2_smilies (smiley_id, smiley_cat, smiley_tag, smiley_name, smiley_order) VALUES (42, 1, ':talking:', 'talking.gif', 42);
INSERT INTO fsb2_smilies (smiley_id, smiley_cat, smiley_tag, smiley_name, smiley_order) VALUES (43, 1, ':thief:', 'thief.gif', 43);
INSERT INTO fsb2_smilies (smiley_id, smiley_cat, smiley_tag, smiley_name, smiley_order) VALUES (44, 1, ':p', 'tongue.gif', 44);
INSERT INTO fsb2_smilies (smiley_id, smiley_cat, smiley_tag, smiley_name, smiley_order) VALUES (45, 1, ':angry:', 'veryangry.gif', 45);
INSERT INTO fsb2_smilies (smiley_id, smiley_cat, smiley_tag, smiley_name, smiley_order) VALUES (46, 1, ':happy:', 'veryhappy.gif', 46);
INSERT INTO fsb2_smilies (smiley_id, smiley_cat, smiley_tag, smiley_name, smiley_order) VALUES (47, 1, ';)', 'winkle.gif', 47);
INSERT INTO fsb2_smilies (smiley_id, smiley_cat, smiley_tag, smiley_name, smiley_order) VALUES (89, 2, ':fsb2_clever:', 'fsb2_intello.gif', 13);
INSERT INTO fsb2_smilies (smiley_id, smiley_cat, smiley_tag, smiley_name, smiley_order) VALUES (88, 2, ':fsb2_kiss:', 'fsb2_kiss.gif', 12);
INSERT INTO fsb2_smilies (smiley_id, smiley_cat, smiley_tag, smiley_name, smiley_order) VALUES (87, 2, ':fsb2_cry:', 'fsb2_larme.gif', 11);
INSERT INTO fsb2_smilies (smiley_id, smiley_cat, smiley_tag, smiley_name, smiley_order) VALUES (86, 2, ':fsb2_shocked:', 'fsb2_lol.gif', 10);
INSERT INTO fsb2_smilies (smiley_id, smiley_cat, smiley_tag, smiley_name, smiley_order) VALUES (85, 2, ':fsb2_mad:', 'fsb2_mad.gif', 9);
INSERT INTO fsb2_smilies (smiley_id, smiley_cat, smiley_tag, smiley_name, smiley_order) VALUES (84, 2, ':fsb2_no:', 'fsb2_non.gif', 8);
INSERT INTO fsb2_smilies (smiley_id, smiley_cat, smiley_tag, smiley_name, smiley_order) VALUES (83, 2, ':fsb2_wink:', 'fsb2_oeil.gif', 7);
INSERT INTO fsb2_smilies (smiley_id, smiley_cat, smiley_tag, smiley_name, smiley_order) VALUES (82, 2, ':fsb2_yeah:', 'fsb2_ouais.gif', 6);
INSERT INTO fsb2_smilies (smiley_id, smiley_cat, smiley_tag, smiley_name, smiley_order) VALUES (81, 2, ':fsb2_yes:', 'fsb2_oui.gif', 5);
INSERT INTO fsb2_smilies (smiley_id, smiley_cat, smiley_tag, smiley_name, smiley_order) VALUES (80, 2, ':fsb2_sorry:', 'fsb2_oups.gif', 4);
INSERT INTO fsb2_smilies (smiley_id, smiley_cat, smiley_tag, smiley_name, smiley_order) VALUES (79, 2, ':fsb2_red:', 'fsb2_red.gif', 3);
INSERT INTO fsb2_smilies (smiley_id, smiley_cat, smiley_tag, smiley_name, smiley_order) VALUES (78, 2, ':fsb2_smile:', 'fsb2_smyle.gif', 2);
INSERT INTO fsb2_smilies (smiley_id, smiley_cat, smiley_tag, smiley_name, smiley_order) VALUES (77, 2, ':fsb2_beer:', 'fsb2_tchin.gif', 1);
INSERT INTO fsb2_smilies (smiley_id, smiley_cat, smiley_tag, smiley_name, smiley_order) VALUES (90, 2, ':fsb2_cold:', 'fsb2_ice.gif', 14);
INSERT INTO fsb2_smilies (smiley_id, smiley_cat, smiley_tag, smiley_name, smiley_order) VALUES (91, 2, ':fsb2_omg:', 'fsb2_goutte.gif', 15);
INSERT INTO fsb2_smilies (smiley_id, smiley_cat, smiley_tag, smiley_name, smiley_order) VALUES (92, 2, ':fsb2_godgrace:', 'fsb2_godgrace.gif', 16);
INSERT INTO fsb2_smilies (smiley_id, smiley_cat, smiley_tag, smiley_name, smiley_order) VALUES (93, 2, ':fsb2_cool:', 'fsb2_glasses.gif', 17);
INSERT INTO fsb2_smilies (smiley_id, smiley_cat, smiley_tag, smiley_name, smiley_order) VALUES (94, 2, ':fsb2_alien:', 'fsb2_extraterre.gif', 18);
INSERT INTO fsb2_smilies (smiley_id, smiley_cat, smiley_tag, smiley_name, smiley_order) VALUES (95, 2, ':fsb2_devil:', 'fsb2_devil.gif', 19);
INSERT INTO fsb2_smilies (smiley_id, smiley_cat, smiley_tag, smiley_name, smiley_order) VALUES (96, 2, ':fsb2_dead:', 'fsb2_dead.gif', 20);
INSERT INTO fsb2_smilies (smiley_id, smiley_cat, smiley_tag, smiley_name, smiley_order) VALUES (97, 2, ':fsb2_clown:', 'fsb2_clown.gif', 21);
INSERT INTO fsb2_smilies (smiley_id, smiley_cat, smiley_tag, smiley_name, smiley_order) VALUES (98, 2, ':fsb2_looser:', 'fsb2_boulet.gif', 22);
INSERT INTO fsb2_smilies (smiley_id, smiley_cat, smiley_tag, smiley_name, smiley_order) VALUES (100, 2, ':fsb2_zip:', 'fsb2_arch.gif', 23);
INSERT INTO fsb2_smilies (smiley_id, smiley_cat, smiley_tag, smiley_name, smiley_order) VALUES (101, 2, ':fsb2_arrow:', 'fsb2_arrow.gif', 24);
INSERT INTO fsb2_smilies (smiley_id, smiley_cat, smiley_tag, smiley_name, smiley_order) VALUES (102, 2, ':fsb2_zzz:', 'fsb2_zzzz.gif', 25);


INSERT INTO fsb2_smilies_cat (cat_id, cat_name, cat_order) VALUES (2, 'Smilies', 1);
INSERT INTO fsb2_smilies_cat (cat_id, cat_name, cat_order) VALUES (1, 'Classic', 2);

INSERT INTO fsb2_topics (t_id, f_id, u_id, t_title, t_total_view, t_total_post, t_first_p_id, t_last_p_id, t_last_p_time, t_last_u_id, t_last_p_nickname, t_type, t_status, t_map, t_trace, t_poll, t_map_first_post, t_description) VALUES (1, 2, 2, 'Sujet de test', 1, 1, 1, 1, 0, 2, 'Admin', 2, 0, 'classic', 0, 0, 0, 'Sujet généré lors de l''installation du forum');

INSERT INTO fsb2_topics_read (u_id, t_id, p_id, tr_last_time) VALUES (2, 1, 1, 1158230101);

INSERT INTO fsb2_users (u_id, u_auth, u_nickname, u_email, u_avatar, u_signature, u_birthday, u_language, u_tpl, u_joined, u_last_visit, u_total_post, u_total_topic, u_total_mp, u_avatar_method, u_can_use_avatar, u_can_use_sig, u_sexe, u_activate_redirection, u_activate_email, u_activate_auto_notification, u_activate_mp_notification, u_activate_hidden, u_activate_fscode, u_activate_avatar, u_activate_sig, u_activate_img, u_mp_auto_answer_activ, u_mp_auto_answer_message, u_rank_id, u_activate_wysiwyg, u_new_mp, u_newsletter, u_single_group_id, u_color, u_comment, u_register_ip, u_activated, u_confirm_hash, u_total_warning, u_warn_post, u_warn_read, u_utc_dst) VALUES (1, 0, 'Visitor', '', '', '', '00/00/0000', 'fr', 'WhiteSummer', 0, 0, 0, 0, 0, 0, 0, 0, 0, 0, 0, 0, 0, 0, 6, 1, 1, 6, 0, '', 2, 0, 0, 0, 0, '', '', '', 1, '', 0, 0, 0, 0);
INSERT INTO fsb2_users (u_id, u_auth, u_nickname, u_email, u_avatar, u_signature, u_birthday, u_language, u_tpl, u_joined, u_last_visit, u_total_post, u_total_topic, u_total_mp, u_avatar_method, u_can_use_avatar, u_can_use_sig, u_sexe, u_activate_redirection, u_activate_email, u_activate_auto_notification, u_activate_mp_notification, u_activate_hidden, u_activate_fscode, u_activate_avatar, u_activate_sig, u_activate_img, u_mp_auto_answer_activ, u_mp_auto_answer_message, u_rank_id, u_activate_wysiwyg, u_new_mp, u_newsletter, u_single_group_id, u_color, u_comment, u_register_ip, u_activated, u_confirm_hash, u_total_warning, u_warn_post, u_warn_read, u_utc_dst, u_default_group_id) VALUES (2, 5, 'admin', 'root@localhost.com', '', '', '00/00/0000', 'fr', 'WhiteSummer', 0, 0, 1, 1, 0, 0, 1, 1, 0, 8, 4, 2, 1, 0, 6, 1, 1, 6, 0, '', 1, 0, 0, 0, 6, 'class="admin"', '', '2130706433', 1, '', 0, 0, 0, 0, 5);
